"User_ID";"Username";"Password";"National_ID";"Full_Name";"Email";"Role";"Last_Login_Date";"Activity_Logs";"banned_until"
99471;"joshuaevans";"$2b$12$vpqkYTRuUOqwGSvTYMfMTO.RNGrJOXpt19z5QA3.cuJLBA2puaSba";33118900000000.0;"Joshua Evans";"joshua.evans@gmail.com";"Admin";"11/06/2024 17:48";"Inside type trouble plant character task fall.";""
483369;"matthewwright";"$2b$12$7t2eq7/bYtL9koUunzuxXOKVunf7eU.9iYBtpOFcEwTypT5wMCmWK";58726100000000.0;"Matthew Wright";"matthew.wright@medmail.com";"Client";"04/06/2024 17:05";"Scene upon memory tell what reason find.";""
848418;"anthonyowens";"$2b$12$17Q5PZ0eiVp2GxhhxjN74eGfmgPaU/luLiQlluvt0e4cV2.RqbQkS";64484100000000.0;"Anthony Owens";"anthony.owens@hospital.org";"Nurse";"20/05/2024 04:53";"National news west understand.";""
556205;"richardperez";"$2b$12$/YipfgtdYv2.dcnr0j/xy.3eRiVeZ8zgF7HbRPJsUMi3OE1atSjnO";49747300000000.0;"Richard Perez";"richard.perez@hospital.org";"Client";"23/10/2024 13:01";"Certainly like PM charge low.";""
886038;"jerrymullen";"$2b$12$NQ1YMp.kHbvplvVtqA5ZTuG3A7FGhtwhrFXA68BOMU3v4SlkfcluW";70125200000000.0;"Jerry Mullen";"jerry.mullen@hospital.org";"Admin";"14/11/2024 17:42";"Movie home policy read image three tough read.";""
400363;"lisarodriguez";"$2b$12$GTFlM.h/ogjwMg5aYGkRG.P3F207K2XWIrqW/vsR7kc77IGRRBCpm";1938510000000.0;"Lisa Rodriguez";"lisa.rodriguez@hospital.org";"Admin";"19/08/2024 11:47";"Door American ground.";""
518850;"randysosa";"$2b$12$CClePXn9jvtwC6S6BzeNbef7b8aNPSEMqstBZPn8/0R/TCugI8GA.";47914300000000.0;"Randy Sosa";"randy.sosa@hospital.org";"Admin";"22/07/2024 18:48";"List many street friend benefit.";""
136183;"jeffreycarter";"$2b$12$jlKucoflfQQ/C1tpE3pEkeNj8NRFQo.CexJquL40ABVUtq1hRpAT6";11757100000000.0;"Jeffrey Carter";"jeffrey.carter@hospital.org";"Admin";"23/04/2024 07:25";"Fine part child style drive.";""
783705;"susanhernandez";"$2b$12$XOZgI0re3XH1Nf6SFMPCVu/NFHHdqXOIP7ZTjO818w9nxIuuSvC9.";41017700000000.0;"Susan Hernandez";"susan.hernandez@hospital.org";"Nurse";"02/02/2024 20:51";"Detail sell risk it around turn.";""
287838;"deniseterry";"$2b$12$oZFspZNBf/.HpGdS9WrcpuAJvL3zfFZi3dLdTrC70XLRYj6f30sfK";46649900000000.0;"Denise Terry";"denise.terry@medmail.com";"Doctor";"10/09/2024 02:21";"Friend course these.";""
170122;"davidlong";"$2b$12$eSO3ATJmg1FR/yJnknlK1eTqZ5fbWEGKEFNl39FfxF0OZjBdQ683e";47132200000000.0;"David Long";"david.long@medmail.com";"Nurse";"13/02/2024 00:26";"Simple sing street people task truth thing.";""
706630;"pamelapalmer";"$2b$12$eQmBKLSvFpVTlkdAKwnPDOWzkeye7d7jBlxMhM0t4XlQzvzHzOHri";93082200000000.0;"Pamela Palmer";"pamela.palmer@gmail.com";"Admin";"08/03/2024 01:30";"Guy list series go.";""
852661;"bryceharmon";"$2b$12$cWxMt0P8ymnueGx2ZnxH9e3jGQf0FXVPB3mTmRvJx4zRV5ie.fVtu";9305720000000.0;"Bryce Harmon";"bryce.harmon@yahoo.com";"Nurse";"07/02/2024 23:22";"Contain ok people thus want long.";""
873095;"samuelramirez";"$2b$12$8By.ZcHkeSrYReQExsFbh.zXr8J7P0qnhu4gMCWmwkSNxzR9mF2H6";76800200000000.0;"Samuel Ramirez";"samuel.ramirez@yahoo.com";"Admin";"14/02/2024 19:21";"Guy will effect style establish so.";""
280925;"seanestrada";"$2b$12$1kmFEEAqNvKL8SWfF5/7veWSXJm0lc3.GUMURN2/V5qozErsJqyS6";68457700000000.0;"Sean Estrada";"sean.estrada@yahoo.com";"Client";"08/10/2024 01:14";"True scene agency summer. Anyone agent task.";""
981202;"emilybutler";"$2b$12$9xi7nxSPDl0sTBiSrY6L.utS4M8EE4KRt0QqjHWOQmDjrPHKffiWC";94131000000000.0;"Emily Butler";"emily.butler@hospital.org";"Client";"05/02/2024 01:57";"Family need question truth free learn.";""
363386;"karinahorne";"$2b$12$HNfAs5IdLAZgzxU6vRMhiO3Tin8jTfXpbVfE8SHcg8tEeuOtfgalq";48603800000000.0;"Karina Horne";"karina.horne@hospital.org";"Client";"01/03/2024 10:12";"Tough number choice identify.";""
916421;"jasonmoore";"$2b$12$ja1BwFviAnxsiZDRUz5.ge/o7I/ETYwX2.CoiARVSeKbVS9b2jxci";43087400000000.0;"Jason Moore";"jason.moore@hospital.org";"Doctor";"03/02/2024 04:36";"Someone Republican door. Hotel type dinner.";""
170993;"ashleyrobertson";"$2b$12$L//WSIrOuzwBzOsaVCI23.nc18wx9kOWTTQ.ks//Ve4DuX4RdexVi";92057700000000.0;"Ashley Robertson";"ashley.robertson@hospital.org";"Admin";"26/10/2024 22:18";"Spring open reality.";""
598041;"justinbeasley";"$2b$12$o48CKLcr5X8VgytBD57rm.yn2z2OeHnw6tHiNg5A01oh7JYN.d4w6";2420090000000.0;"Justin Beasley";"justin.beasley@hospital.org";"Doctor";"29/01/2024 20:12";"Case them decade personal health high husband.";""
529613;"jasonsmith";"$2b$12$UUHz8iWQRofG9qmP7WruU.t33u4fxZHR.ob9ZBB8ZNDZGKj8B0KYS";16118100000000.0;"Jason Smith";"jason.smith@yahoo.com";"Client";"28/04/2024 01:56";"Mouth produce including newspaper perhaps his.";""
502855;"jasonpayne";"$2b$12$z3BkRv7I7Mmtm2JGG69d3uTbKqLRxTUbYe6Bt1PFtI8Vd5SJ8XEnm";80803500000000.0;"Jason Payne";"jason.payne@hospital.org";"Nurse";"05/01/2024 08:20";"Little focus all ahead together boy doctor.";""
356909;"danielwilson";"$2b$12$0ME3ugxAR/7pQdgBugW/HeuNPCZ5NUR2nxR4u7pfLgq3Uk.nswVkW";88847700000000.0;"Daniel Wilson";"daniel.wilson@yahoo.com";"Doctor";"03/08/2024 23:42";"Result officer radio see quite.";""
190818;"meganlewis";"$2b$12$5TIGJuhbCyY9Hu7NRNcHxO8EaePfss50qX/p4MTIwV3oG5hh0k0h6";91987800000000.0;"Megan Lewis";"megan.lewis@medmail.com";"Admin";"16/04/2024 07:24";"Enter factor upon center.";""
301207;"kathrynhamilton";"$2b$12$62.O.JHBUIZO5ZnSbzOyj.jR6oL/M5l1y/TK4Jxo10PcyG3udkUNy";35067100000000.0;"Kathryn Hamilton";"kathryn.hamilton@gmail.com";"Doctor";"21/11/2024 17:41";"Per reach whatever picture whatever increase.";""
832593;"kathleenmacias";"$2b$12$.I5PoNcA.p2E0oWubRoGp.zpgzEUlysrJWWMxB6uYuFxvyX1sdgua";13777200000000.0;"Kathleen Macias";"kathleen.macias@yahoo.com";"Doctor";"29/06/2024 04:38";"Memory make us where. Image discuss ask head.";""
3752;"jonathancervantes";"$2b$12$mW.CwEuQDheYTK9M36Vhs.CW6JJczeEF4KAg0cMp5sxyRd3eGBeAC";10802200000000.0;"Jonathan Cervantes";"jonathan.cervantes@yahoo.com";"Admin";"10/10/2024 07:18";"Significant seem seem style.";""
936822;"dennisjones";"$2b$12$ZPSIhwEjbhKFFBZSmQaHgOx2frdDtUmhMNcZOrIgosecOqwTbk9UO";5020590000000.0;"Dennis Jones";"dennis.jones@medmail.com";"Admin";"09/02/2024 11:59";"Develop city tree individual thing not hold.";""
41527;"lorimurphy";"$2b$12$jNxZGdiwokkWt6L/TXuup.7HG159NEq82WtAp082pm0W8SR.vVkNW";83626500000000.0;"Lori Murphy";"lori.murphy@gmail.com";"Doctor";"01/01/2024 08:21";"Think skill system.";""
534898;"rebeccaconley";"$2b$12$jFJVGghDymbXZT9rUYqwTuELLbUSWbAmbp4.NRAwVUq7nhTV0R2je";21006700000000.0;"Rebecca Conley";"rebecca.conley@medmail.com";"Client";"24/01/2024 08:20";"Market enjoy consumer which technology state.";""
994815;"juanatkinson";"$2b$12$uKWkJjV6Zd88oLge4Fh4EeNrNZu1KJ8mkcWP2VoV1hk0KoQBduz6a";16425900000000.0;"Juan Atkinson";"juan.atkinson@gmail.com";"Nurse";"31/01/2024 07:42";"Agree kitchen school current understand.";""
292447;"cynthiajoseph";"$2b$12$TzDCwt3rQUJF.RaVx1p1N.SPdFvsK32TXOAU.XO36ku4Y2gJuiJBa";94046600000000.0;"Cynthia Joseph";"cynthia.joseph@gmail.com";"Client";"21/04/2024 15:03";"Purpose him most professor.";""
309156;"jacquelinelambert";"$2b$12$xTnQMYOcknQL4AQ646XGxODlE6ieXjLR2HR.tQiyopdyv6AOAeE8a";77159000000000.0;"Jacqueline Lambert";"jacqueline.lambert@medmail.com";"Admin";"16/01/2024 21:01";"Share above class.";""
547981;"rogerturner";"$2b$12$8cv7DSecN/yoPujE.YZwZ.eEKMupBeGcWNYwx0wXWbhkLt28u/cd2";57265200000000.0;"Roger Turner";"roger.turner@gmail.com";"Doctor";"11/01/2024 19:46";"Take tell knowledge in trial shake so.";""
497059;"jenniferolson";"$2b$12$ZUVpop63Rtu3QBPNY3ecN.ONX5.nYg5b2rotvc5kn8r.UUaNekvCW";81058900000000.0;"Jennifer Olson";"jennifer.olson@hospital.org";"Admin";"16/10/2024 19:11";"Reflect election hair check.";""
269782;"drewmedina";"$2b$12$Ulfumq9VSvK/Bzoc2evrR.eqb5GtJx/YRrk0BGwmcKgRq1KTsJB5y";7736790000000.0;"Drew Medina";"drew.medina@gmail.com";"Admin";"15/07/2024 12:11";"House serious history data every scene.";""
171917;"matthewwalls";"$2b$12$ppNYqSV41RcJMUalKYI0ieaUuAaEcXVDidZ0wbpYYKWNkIYtP2Bo2";36793200000000.0;"Matthew Walls";"matthew.walls@yahoo.com";"Nurse";"28/08/2024 01:18";"Use better federal reduce push avoid.";""
60492;"adampetersen";"$2b$12$0nG1AjYQgZF.h54Mzngd8ubvdna4WD0CODn2Fb8zuH3krvAJWbJYe";70253100000000.0;"Adam Petersen";"adam.petersen@medmail.com";"Admin";"21/02/2024 06:07";"Hot gun charge determine memory throw.";""
809408;"monicapope";"$2b$12$x9bCs1j53fEnBdNmdCf8UOhvHCIqNH4Kj9E6Kadlt9xbwdaStBuiW";97229300000000.0;"Monica Pope";"monica.pope@yahoo.com";"Admin";"19/05/2024 08:30";"Difficult suffer physical include.";""
699927;"taylorobrien";"$2b$12$WUHKCMAAChM39B8Q3SNMK.1.SztIFfPbs5NGpiKtG8aBtW5WnH7ey";28618900000000.0;"Taylor Obrien";"taylor.obrien@hospital.org";"Nurse";"03/10/2024 11:39";"Bag but main example speak mention.";""
289602;"heidihall";"$2b$12$iDNXkAfWWGTMEtXJgxb54.M.37jGdQRS6WQtl9/WvGJ8jxJpEhMPG";64331900000000.0;"Heidi Hall";"heidi.hall@gmail.com";"Admin";"03/07/2024 05:07";"Either stand total term most then back.";""
411369;"davidesparza";"$2b$12$PSlmkqSz6PTjIDDtM2p6x.EUq2XVSi3ijWbLU9r9.9uxTr6qK0xxm";9743800000000.0;"David Esparza";"david.esparza@gmail.com";"Admin";"01/07/2024 01:11";"Raise but continue evening mission.";""
314571;"margaretsmith";"$2b$12$iNVJvQYP2ePvXNeS8nhUHer87j1UGrxOWd6T6mgtE2WmczAcTxhdG";85160900000000.0;"Margaret Smith";"margaret.smith@gmail.com";"Nurse";"27/01/2024 06:02";"Physical maintain guess assume while.";""
631095;"jasminebass";"$2b$12$nMcivgDVCDaj1bFhtW9ndueZSwGgncES/hz/6dDtR2UGjSn2xGY9S";5256290000000.0;"Jasmine Bass";"jasmine.bass@medmail.com";"Client";"27/10/2024 10:16";"Above coach herself sell accept town animal.";""
891075;"kimberlymejia";"$2b$12$8DnnnjqacR6iQjxKo1ILqeo/Sx5Eq08.tXYJBc9yzJSWq5hVxw52a";3602050000000.0;"Kimberly Mejia";"kimberly.mejia@hospital.org";"Admin";"23/11/2024 04:10";"Wrong career air eat figure type yard.";""
469354;"bethanymartin";"$2b$12$XBzHaTEhUKcLeqBiOhNTH.vx3bGRYj/eowWXWBOfcovrPcZ.L6mAu";84323700000000.0;"Bethany Martin";"bethany.martin@hospital.org";"Admin";"03/02/2024 03:12";"Them whose reveal impact necessary agreement.";""
288644;"traviswilkerson";"$2b$12$5QkoC37UMs1.wgnDkvmvA.GsgFMbJKRz18hpJyPpUmWCZd6dToLq.";78489000000000.0;"Travis Wilkerson";"travis.wilkerson@yahoo.com";"Client";"30/03/2024 02:41";"Tend particularly manage next little.";""
560020;"harryevans";"$2b$12$NHORF3Vu6ZR58E2DwSoXJ.tLPkje4qpoBMVzFAmrKFTKNj/IS79o2";36574200000000.0;"Harry Evans";"harry.evans@gmail.com";"Nurse";"07/08/2024 05:49";"Pay stage cause admit poor college trip.";""
983777;"devinvasquez";"$2b$12$ApKlzfRS6ZxobLiXrBqQweYRqpWYlwOBfc2I8vNyz4yWSBkfL86NO";15719800000000.0;"Devin Vasquez";"devin.vasquez@medmail.com";"Nurse";"07/11/2024 02:37";"Series material use show west nation.";""
745954;"kimberlycollins";"$2b$12$P8OT29aM//sCGIqsA.DPdOsIFup68v9WyCN08TURTHI1Qhq9t49ja";36876400000000.0;"Kimberly Collins";"kimberly.collins@medmail.com";"Client";"31/01/2024 17:20";"Should school begin point baby interview.";""
500566;"frederickyang";"$2b$12$TqPIImEwBji7PrQIuIL4oucf.FK0PtCSIqJfY0z7TI0kMs0NwyXh.";93444200000000.0;"Frederick Yang";"frederick.yang@hospital.org";"Nurse";"06/10/2024 20:37";"Company where operation his different.";""
605666;"jamesjohnson";"$2b$12$PCKnW3Fcxi6TVBvZbp5PF.mPQu//o4BzDOotdBSa1X5MhcySoV3eC";13819600000000.0;"James Johnson";"james.johnson@gmail.com";"Doctor";"12/07/2024 12:53";"Care war pretty watch into not hand.";""
149069;"christianho";"$2b$12$VtvRNs0CAvDBc7MsN6MwM.MV.SciAXIA8dCi2EPeWL6PYsSDlUfLW";77486000000000.0;"Christian Ho";"christian.ho@hospital.org";"Client";"25/08/2024 15:29";"Argue knowledge daughter certain center.";""
985352;"jerrymckenzie";"$2b$12$UzVjaU43cdiFDqIVwNm1SegpwaWfrt/Rp9RF39ty0tjibqn.XnSUe";53368300000000.0;"Jerry Mckenzie";"jerry.mckenzie@gmail.com";"Client";"05/08/2024 15:18";"Threat section research southern could.";""
725896;"michellesmith";"$2b$12$tK0X7tSL9A1LYi4.ts9oB.kq5OdxvYJhwrd7u69wVhu00wejlov86";20295100000000.0;"Michelle Smith";"michelle.smith@hospital.org";"Nurse";"10/11/2024 03:29";"Education TV heart place. Admit might choose cut.";""
664804;"toddsmith";"$2b$12$gU8P/HzehVDktNu9sZzfHu4f1bluv1YTA1SazebyzaHnWgCLyr86a";31345400000000.0;"Todd Smith";"todd.smith@hospital.org";"Admin";"13/09/2024 01:40";"Easy professor spring they quite.";""
610127;"codysmith";"$2b$12$xb/unlmHs7AHbT/uAc5BgeoOlajeKpd01Ozhsnrs4WO6ytyCAKVey";73267000000000.0;"Cody Smith";"cody.smith@medmail.com";"Doctor";"10/11/2024 23:16";"Me hope its skill board part.";""
491909;"reginabanks";"$2b$12$qIrmrNlB.Siq2cbTWwoOyu/ITy/upMkB.xzGznoO5cteyoRvUz9zu";37136700000000.0;"Regina Banks";"regina.banks@hospital.org";"Admin";"15/09/2024 22:28";"Those talk room blood someone.";""
505447;"kaylataylor";"$2b$12$rWV5rcynpz0gd2.iC6piR.nC6/4p3joFVaXH/4ZMkDvr3erLKmoC6";60720400000000.0;"Kayla Taylor";"kayla.taylor@medmail.com";"Doctor";"12/01/2024 11:11";"Good short Democrat by result.";"2025-06-10 11:37:50"
140538;"joannabarrett";"$2b$12$2r2ZIzOT3g6MtgDPic4JXO2.ET9cXdlIwT1yA4QNTvP.tzGQGM2Q2";94517700000000.0;"Joanna Barrett";"joanna.barrett@hospital.org";"Admin";"29/03/2024 17:41";"Over smile blood wrong police sure beyond.";""
246393;"deniserose";"$2b$12$ISVtApeu9GajY9xRYWMpl.RxZq5DTkWqHN6fkcw/oWbsv0LdUBcAq";95984800000000.0;"Denise Rose";"denise.rose@medmail.com";"Admin";"14/11/2024 04:06";"Top pay house man.";""
14222;"aliciafitzgeralddds";"$2b$12$3kQrntu7AfAE5XEKvTfGu.2omFUXjwclT5sKvM0v5732n8jcyV49G";13549900000000.0;"Alicia Fitzgerald DDS";"alicia.fitzgerald.dds@yahoo.com";"Admin";"22/10/2024 04:33";"Section kid along identify less fine space must.";""
870273;"richardmartin";"$2b$12$DPDUk09GYT.HEnZEZXCtB./7zub.s48rBlSy9KfAowKVjMIwUrN0K";27068600000000.0;"Richard Martin";"richard.martin@medmail.com";"Client";"06/11/2024 18:35";"Physical thought once language human chance.";"2025-06-10 11:45:47"
601275;"heatherthompson";"$2b$12$Hl8in5SevRUbHMOHYsKcxuyr3sIEvnNvSZ.maRpz7aMlzMsq.hZ3C";7930560000000.0;"Heather Thompson";"heather.thompson@hospital.org";"Doctor";"10/11/2024 18:21";"Sometimes he and student few happy available.";""
871858;"jeffreyward";"$2b$12$OdKVY6PTRVG7TpP9g5Ucq.qgdrJqeUToM65OWAq4xPxeGK4jU7qFG";96346000000000.0;"Jeffrey Ward";"jeffrey.ward@yahoo.com";"Doctor";"17/06/2024 10:17";"Standard play personal effect artist.";""
93724;"robertrobbins";"$2b$12$/d1WpJ9qQxaWleoJP2KdFuvkjsGg4z58sh558imr7hrOtJotGRuNi";76209900000000.0;"Robert Robbins";"robert.robbins@hospital.org";"Doctor";"21/02/2024 05:19";"Firm sport paper number take maybe.";""
670449;"aaronbates";"$2b$12$oDJ/MJ5Z6dSoNcEsyOP4R.bB8.UANndrOwSoFJT0zzUKrb62dzRpS";57693600000000.0;"Aaron Bates";"aaron.bates@medmail.com";"Doctor";"24/06/2024 21:11";"Child money individual TV add year.";""
12453;"brianerickson";"$2b$12$HZGUVkUxsqSSVJuSOyc7e.dm8NbjKokXIYHmPHRAH3zmIIOHemEr2";65562600000000.0;"Brian Erickson";"brian.erickson@medmail.com";"Admin";"14/02/2024 12:19";"Site data trouble show.";""
471417;"michaelmorse";"$2b$12$mL7xTkkbRSZXP1HNk4EtoeA4NU5b4mANSH3sjpV/H31sopuLmXoV2";39424200000000.0;"Michael Morse";"michael.morse@hospital.org";"Doctor";"06/11/2024 18:09";"Piece choose road east rock source defense.";""
200051;"debramiranda";"$2b$12$ZhR4ptLuztVQtbNcEoPM/OaUxYPg7sYBfLBGLtBX7uerZw7jX6oHC";72788800000000.0;"Debra Miranda";"debra.miranda@medmail.com";"Doctor";"16/05/2024 18:21";"Hundred small meeting theory special window miss.";""
3679;"gabrielmcbride";"$2b$12$tlw28LX/i6ODQtx1X/3Wve6PoV5egCBS3f0YFJivtHv9BFkQWN7hO";66676700000000.0;"Gabriel Mcbride";"gabriel.mcbride@hospital.org";"Nurse";"04/01/2024 02:09";"True return system painting drive film.";""
863858;"meganphelps";"$2b$12$Do7byI2L3v4K.C7KArQUZOryWuG5RvI02n0zQnd4V3Mu8uFYrMz9u";31468700000000.0;"Megan Phelps";"megan.phelps@medmail.com";"Nurse";"26/08/2024 01:06";"Story kid sense board travel peace fact.";""
333750;"davidraymond";"$2b$12$LHkqnT0cnrQU8/.7GWguh.bVk9rEp05ByTo3wZiu2UUNUua1Km7xW";92837700000000.0;"David Raymond";"david.raymond@medmail.com";"Admin";"16/09/2024 11:43";"Consumer level thus big.";""
749486;"gregoryhendricks";"$2b$12$Lbmb7GQUSK3tiTYN0Z0WGOhIE.RjNDLLaynHtQqoHqBCeW9WVgxw.";62535000000000.0;"Gregory Hendricks";"gregory.hendricks@medmail.com";"Nurse";"15/07/2024 10:21";"Paper also husband let sea.";""
297760;"davidwilson";"$2b$12$MEWlDqbor95tzDyyj2K4w.60lRi2MRmGTX/j9BjJlHGrN/uyO/9L2";4556820000000.0;"David Wilson";"david.wilson@medmail.com";"Doctor";"10/02/2024 09:37";"Outside authority far open help.";""
727669;"ashleyperez";"$2b$12$Qu904PKrD7jGD/YjhdjbMe7gG0udKrn2OoIVQmuuxZIvx3nNwAFF2";4987230000000.0;"Ashley Perez";"ashley.perez@hospital.org";"Nurse";"31/10/2024 20:03";"Third buy else cultural.";""
4421;"scottmay";"$2b$12$vi8uz1gJ9B3/T8mJ9a0vJegukAOe074uGkw.VLY15E.4DbR1Bwehu";99146600000000.0;"Scott May";"scott.may@yahoo.com";"Doctor";"18/09/2024 07:13";"Serious available minute hand.";""
514663;"christinaclark";"$2b$12$15YkE9Mchg0p5vv82YQuQOffsBsjNDUzT18yB5XOrsAIYAdJG43Ke";25085000000000.0;"Christina Clark";"christina.clark@medmail.com";"Doctor";"07/07/2024 19:44";"Single food watch manage know.";""
381483;"taylorford";"$2b$12$6RYnLJR6Ap80fxLIorru4u1xlFec2iWePCcgM3Sz0FpcBTNjUowPS";90054900000000.0;"Taylor Ford";"taylor.ford@hospital.org";"Client";"09/01/2024 02:27";"Research budget political natural.";""
30045;"sallyjohnson";"$2b$12$wmYU2py4ooEQ2A7DcJC06./Xwh.iQr2q0pTudUs0eR/nWmKNrJxJS";77358500000000.0;"Sally Johnson";"sally.johnson@gmail.com";"Client";"03/02/2024 10:14";"His difference two when place contain.";""
107675;"morgancobb";"$2b$12$AUZMucK4HJr5wv1HopEYvuSV.bnj847Xda/VyUtlN9nYzaDbgUg3y";91672900000000.0;"Morgan Cobb";"morgan.cobb@gmail.com";"Nurse";"22/05/2024 03:41";"Expert prepare treatment quickly ok with require.";""
157631;"williamgray";"$2b$12$9.8YdVREUQl4d5KJx2xnE.ZevadMPQ6UsM37boQJJaF.5xV4nOyk.";14887200000000.0;"William Gray";"william.gray@yahoo.com";"Client";"21/04/2024 15:49";"Item front anyone involve.";""
386294;"franciscowashington";"$2b$12$7tEt0MDAY7B./GOcD6.9heT3i/DUqg/dPXzCNgd9e9GzA5I7SCeuC";31661800000000.0;"Francisco Washington";"francisco.washington@gmail.com";"Doctor";"31/08/2024 00:39";"Dinner sea change speech whose.";""
736926;"tamarawalls";"$2b$12$1iHVmaOp6xRty2Q05FC9uev.pudamRjoSVVsv2og7RPHTfznttUym";84865700000000.0;"Tamara Walls";"tamara.walls@medmail.com";"Admin";"28/03/2024 03:34";"Book she science sign school play provide look.";""
892460;"williamdavidson";"$2b$12$az8BfM/QYSZ/A3lE3na5XueAxEDY0jXjTAnjkjkeIgnD4.HpHha6C";67107400000000.0;"William Davidson";"william.davidson@hospital.org";"Nurse";"15/11/2024 12:48";"Gas ask arm walk my picture successful business.";""
310038;"sarahhughes";"$2b$12$udcVU2.63BkqYoYkGu.PCecplnSwjhgaHVjlCgGjtEDyworEGGhPG";26184800000000.0;"Sarah Hughes";"sarah.hughes@gmail.com";"Doctor";"07/05/2024 01:10";"Report region mind health paper tell.";""
737088;"hectorwarren";"$2b$12$3xbZ7mVeQKHHNhY2uUVlCu3hy50MqjVpT5tKT5GLVuBeBl8kE6g5a";72615000000000.0;"Hector Warren";"hector.warren@medmail.com";"Admin";"20/01/2024 23:27";"Design low true bank along local.";""
588801;"tayloroconnell";"$2b$12$vzzwAAMVzz4THWSYaygcQ.flgJ/BMQIsG6hP.SZmuGmQsWLtdav82";55038000000000.0;"Taylor Oconnell";"taylor.oconnell@hospital.org";"Admin";"07/11/2024 08:56";"Certain grow main war.";""
